timestamp,message
1759568460000,2025-10-04T09:01:00 [TABLES_MANAGER  ]I:  Captured Table 'SOMSDBA'.'LOG_ENTRY_DOCUMENTS' ID - 2  (tasktablesmanager.c:1209)
1759568460000,2025-10-04T09:01:00 [TABLES_MANAGER  ]I:  Captured Table 'SOMSDBA'.'REVISION_DOCUMENTS' ID - 3  (tasktablesmanager.c:1209)
1759568460000,2025-10-04T09:01:00 [TABLES_MANAGER  ]I:  Captured Table 'SOMSDBA'.'SHIFT_STAFFING' ID - 4  (tasktablesmanager.c:1209)
1759568460000,2025-10-04T09:01:00 [TABLES_MANAGER  ]I:  Captured Table 'SOMSDBA'.'WORK_ORDER_DOCUMENTS' ID - 5  (tasktablesmanager.c:1209)
1759568460000,2025-10-04T09:01:00 [TASK_MANAGER    ]I:  Allocating CDC subtask (initialize sorter component and load swap files if any).  (replicationtask.c:2472)
1759568460000,"2025-10-04T09:01:00 [TASK_MANAGER    ]I:  Task - CUB3WFDO4REO3KRAT3DHVHBCDM is in STARTING state, updating starting status to AR_SUBTASKS_ALLOCATION  (repository.c:5491)"
1759568460000,2025-10-04T09:01:00 [TASK_MANAGER    ]I:  Task Manager starting. CDC subtask created  (replicationtask.c:2491)
1759568460000,2025-10-04T09:01:00 [TASK_MANAGER    ]I:  Threads for all components were created  (replicationtask.c:2511)
1759568460000,2025-10-04T09:01:00 [TASK_MANAGER    ]I:  Task initialization completed successfully  (replicationtask.c:3981)
1759568460000,2025-10-04T09:01:00 [SOURCE_CAPTURE  ]I:  Endpoint is configured to use Secrets Manager service  (secrets_manager_utils.c:231)
1759568460000,2025-10-04T09:01:00 [SOURCE_CAPTURE  ]I:  Retrieving 'Oracle' endpoint's Secrets Manager configuration  (secrets_manager_utils.c:248)
1759568460000,2025-10-04T09:01:00 [SOURCE_CAPTURE  ]I:  The Secrets Manager secret Arn 'arn:aws-us-gov:secretsmanager:us-gov-west-1:331875467123:secret:entergy_shared_dms_ESOM_GGN-7hGjWV' is configured for the endpoint  (secrets_manager_utils.c:368)
1759568460000,2025-10-04T09:01:00 [SOURCE_CAPTURE  ]I:  Building Secrets Manager client...  (secrets_manager_utils.c:390)
1759568460000,2025-10-04T09:01:00 [TASK_MANAGER    ]I:  Creating STS Client with ServicePrincipalCredentialsProviderChain  (STSCredentialsProvider.cpp:92)
1759568460000,2025-10-04T09:01:00 [SOURCE_CAPTURE  ]I:  Looking for Secrets Manager secret attribute 'username'  (secrets_manager_utils.c:408)
1759568460000,2025-10-04T09:01:00 [SOURCE_CAPTURE  ]I:  Looking for Secrets Manager secret attribute 'password'  (secrets_manager_utils.c:408)
1759568460000,2025-10-04T09:01:00 [SOURCE_CAPTURE  ]I:  Looking for Secrets Manager secret attribute 'host'  (secrets_manager_utils.c:408)
1759568460000,2025-10-04T09:01:00 [SOURCE_CAPTURE  ]I:  Looking for Secrets Manager secret attribute 'port'  (secrets_manager_utils.c:408)
1759568460000,2025-10-04T09:01:00 [SOURCE_CAPTURE  ]I:  Retrieving AWS Secrets Manager secret Arn 'arn:aws-us-gov:secretsmanager:us-gov-west-1:331875467123:secret:entergy_shared_dms_ESOM_GGN-7hGjWV' content  (secrets_manager_utils.c:413)
1759568460000,2025-10-04T09:01:00 [TASK_MANAGER    ]I:  Successfully retrieved secret attribute 'username' value  (secrets_manager_client.cpp:277)
1759568460000,2025-10-04T09:01:00 [TASK_MANAGER    ]I:  Successfully retrieved secret attribute 'password' value  (secrets_manager_client.cpp:277)
1759568460000,2025-10-04T09:01:00 [TASK_MANAGER    ]I:  Successfully retrieved secret attribute 'host' value  (secrets_manager_client.cpp:277)
1759568460000,2025-10-04T09:01:00 [TASK_MANAGER    ]I:  Successfully retrieved secret attribute 'port' value  (secrets_manager_client.cpp:277)
1759568460000,2025-10-04T09:01:00 [SOURCE_CAPTURE  ]I:  Replacing 'HOST=' value with Secrets Manager secret value in the connection string  (secrets_manager_utils.c:486)
1759568460000,2025-10-04T09:01:00 [SOURCE_CAPTURE  ]I:  Replacing 'PORT=' value with Secrets Manager secret value in the connection string  (secrets_manager_utils.c:486)
1759568460000,2025-10-04T09:01:00 [SOURCE_CAPTURE  ]I:  Use any Oracle Archived Redo Log Destination    (oracle_endpoint_imp.c:1232)
1759568460000,2025-10-04T09:01:00 [SOURCE_CAPTURE  ]I:  Extra Oracle Archived Redo Log Destination size is 0    (oracle_endpoint_imp.c:1242)
1759568460000,2025-10-04T09:01:00 [SOURCE_CAPTURE  ]I:  Merged Oracle Archived Redo Log Destination Id(s) is(are) 0    (oracle_endpoint_imp.c:1245)
1759568460000,2025-10-04T09:01:00 [SOURCE_CAPTURE  ]I:  Prefetch row count for log miner is set to 100    (oracle_endpoint_imp.c:1250)
1759568460000,2025-10-04T09:01:00 [SOURCE_CAPTURE  ]I:  Set corrupted redo log data block error as fatal error    (oracle_endpoint_imp.c:1256)
1759568460000,2025-10-04T09:01:00 [SOURCE_CAPTURE  ]I:  Homogenous Partition Operations Replication Setting/ECA 'enableHomogenousPartitionOps' is Disabled    (oracle_endpoint_imp.c:1275)
1759568460000,2025-10-04T09:01:00 [SOURCE_CAPTURE  ]I:  Avoid lookup for inline LOB setting/ECA 'AvoidLookupForInlineLOB' is Enabled    (oracle_endpoint_imp.c:1281)
1759568460000,2025-10-04T09:01:00 [SOURCE_CAPTURE  ]I:  Oracle CDC uses LogMiner access mode    (oracle_endpoint_imp.c:1291)
1759568460000,2025-10-04T09:01:00 [SOURCE_CAPTURE  ]W:  Table columns having types XMLTYPE and LOB cannot be replicated of UPDATE operations in LogMiner access mode.  (oracle_endpoint_imp.c:1296)
1759568460000,2025-10-04T09:01:00 [SOURCE_CAPTURE  ]I:  retry timeout is '120' minutes    (oracle_endpoint_imp.c:1494)
1759568460000,2025-10-04T09:01:00 [SOURCE_CAPTURE  ]I:  Support Enable Parallel DML  (oracle_endpoint_imp.c:1513)
1759568460000,2025-10-04T09:01:00 [SOURCE_CAPTURE  ]I:  Scale is set to 10 for NUMBER Datatype  (oracle_endpoint_imp.c:1538)
1759568460000,2025-10-04T09:01:00 [SOURCE_CAPTURE  ]I:  Retry interval is set to 5    (oracle_endpoint_imp.c:1553)
1759568460000,2025-10-04T09:01:00 [SOURCE_CAPTURE  ]I:  Replication Setting/ECA 'openTransactionWindow' is disabled    (oracle_endpoint_imp.c:1589)
1759568460000,2025-10-04T09:01:00 [SOURCE_CAPTURE  ]I:  Connecting to Oracle: Beginning session  (oracle_endpoint_conn.c:1049)
1759568461000,2025-10-04T09:01:01 [SOURCE_CAPTURE  ]I:  Oracle source database version is 12.1.0.2.0  (oracle_endpoint_conn.c:366)
1759568461000,2025-10-04T09:01:01 [SOURCE_CAPTURE  ]I:  Oracle Client version: 19.18.0.0.0  (oracle_endpoint_conn.c:379)
1759568462000,"2025-10-04T09:01:02 [SOURCE_CAPTURE  ]W:  When you are migrating LOB columns from Oracle 12c. For Oracle 12c, LogMiner doesn't support LOB columns. So, in this case, use Binary Reader.  (oracle_endpoint_conn.c:1737)"
1759568462000,"2025-10-04T09:01:02 [SOURCE_CAPTURE  ]E:  ORA-06550: line 1, column 7: PL/SQL: Statement ignored  [1022307]  (oracle_endpoint_utils.c:3337)"
1759568464000,2025-10-04T09:01:04 [SOURCE_CAPTURE  ]I:  Oracle compatibility version is 12.1.0.2.0  (oracle_endpoint_conn.c:93)
1759568464000,2025-10-04T09:01:04 [SOURCE_CAPTURE  ]I:  Database role is 'PRIMARY'  (oracle_endpoint_conn.c:139)
1759568464000,2025-10-04T09:01:04 [STREAM_COMPONEN ]I:  Target last committed record id from the previous run is '221'  (streamcomponent.c:1716)
1759568464000,2025-10-04T09:01:04 [TARGET_APPLY    ]I:  Target endpoint 'S3' is using provider syntax 'S3Syntax'  (provider_syntax_manager.c:904)
1759568464000,2025-10-04T09:01:04 [TARGET_APPLY    ]I:  Setting STS Endpoint override to sts.us-gov-west-1.amazonaws.com  (file_imp.c:114)
1759568464000,2025-10-04T09:01:04 [TARGET_APPLY    ]I:  Setting S3 endpoint override to s3.us-gov-west-1.amazonaws.com  (file_imp.c:121)
1759568464000,2025-10-04T09:01:04 [TARGET_APPLY    ]I:  Using encryption mode SSE_S3  (file_imp.c:154)
1759568464000,2025-10-04T09:01:04 [TASK_MANAGER    ]I:  creating client configuration for region us-gov-west-1  (s3_client.cpp:50)
1759568464000,2025-10-04T09:01:04 [TASK_MANAGER    ]I:  Setting AWS service endpoint to s3.us-gov-west-1.amazonaws.com  (s3_client.cpp:87)
1759568464000,2025-10-04T09:01:04 [TASK_MANAGER    ]I:  set max connections to 25  (s3_client.cpp:110)
1759568464000,2025-10-04T09:01:04 [TASK_MANAGER    ]I:  Creating STSCredentialProvider  (s3_client.cpp:183)
1759568464000,2025-10-04T09:01:04 [TASK_MANAGER    ]I:  creating client configuration for region us-gov-west-1  (s3_client.cpp:50)
1759568464000,2025-10-04T09:01:04 [TASK_MANAGER    ]I:  Setting AWS service endpoint to sts.us-gov-west-1.amazonaws.com  (s3_client.cpp:67)
1759568464000,2025-10-04T09:01:04 [TASK_MANAGER    ]I:  set max connections to 25  (s3_client.cpp:110)
1759568464000,2025-10-04T09:01:04 [TASK_MANAGER    ]I:  set idle timeout seconds to 200  (s3_client.cpp:124)
1759568464000,2025-10-04T09:01:04 [TASK_MANAGER    ]I:  Creating STS Client with ServicePrincipalCredentialsProviderChain  (STSCredentialsProvider.cpp:92)
1759568464000,2025-10-04T09:01:04 [TASK_MANAGER    ]I:  Creating S3 client  (s3_client.cpp:196)
1759568464000,2025-10-04T09:01:04 [TASK_MANAGER    ]I:  New s3 client created using credentials provider<15414c0dc000>  (s3_client.cpp:222)
1759568464000,2025-10-04T09:01:04 [TASK_MANAGER    ]I:  creating s3 transfer client  (transfer_client.cpp:326)
1759568464000,2025-10-04T09:01:04 [TASK_MANAGER    ]I:  creating client configuration for region us-gov-west-1  (s3_client.cpp:50)
1759568464000,2025-10-04T09:01:04 [TASK_MANAGER    ]I:  Setting AWS service endpoint to s3.us-gov-west-1.amazonaws.com  (s3_client.cpp:87)
1759568464000,2025-10-04T09:01:04 [TASK_MANAGER    ]I:  set max connections to 25  (s3_client.cpp:110)
1759568464000,2025-10-04T09:01:04 [TASK_MANAGER    ]I:  set idle timeout seconds to 200  (s3_client.cpp:124)
1759568464000,2025-10-04T09:01:04 [TASK_MANAGER    ]I:  Creating STSCredentialProvider   (transfer_client.cpp:136)
1759568464000,2025-10-04T09:01:04 [TASK_MANAGER    ]I:  creating client configuration for region us-gov-west-1  (s3_client.cpp:50)
1759568464000,2025-10-04T09:01:04 [TASK_MANAGER    ]I:  Setting AWS service endpoint to sts.us-gov-west-1.amazonaws.com  (s3_client.cpp:67)
1759568464000,2025-10-04T09:01:04 [TASK_MANAGER    ]I:  set max connections to 25  (s3_client.cpp:110)
1759568464000,2025-10-04T09:01:04 [TASK_MANAGER    ]I:  set idle timeout seconds to 200  (s3_client.cpp:124)
1759568464000,2025-10-04T09:01:04 [TASK_MANAGER    ]I:  Creating STS Client with ServicePrincipalCredentialsProviderChain  (STSCredentialsProvider.cpp:92)
1759568464000,2025-10-04T09:01:04 [TASK_MANAGER    ]I:  Allocating executor with maximum 25 threads  (transfer_client.cpp:185)
1759568464000,2025-10-04T09:01:04 [TASK_MANAGER    ]I:  Creating Transfer Management Configuration  (transfer_client.cpp:188)
1759568464000,2025-10-04T09:01:04 [TASK_MANAGER    ]I:  TransferClient encryption level is 0  (transfer_client.cpp:196)
1759568464000,2025-10-04T09:01:04 [TASK_MANAGER    ]I:  Creating TransferClient object  (transfer_client.cpp:299)
1759568464000,2025-10-04T09:01:04 [TASK_MANAGER    ]I:  TransferClient object was created successfully <15414c0e7d50>  (transfer_client.cpp:308)
1759568464000,2025-10-04T09:01:04 [TARGET_APPLY    ]I:  Setting STS Endpoint override to sts.us-gov-west-1.amazonaws.com  (file_imp.c:114)
1759568464000,2025-10-04T09:01:04 [TARGET_APPLY    ]I:  Setting S3 endpoint override to s3.us-gov-west-1.amazonaws.com  (file_imp.c:121)
1759568464000,2025-10-04T09:01:04 [TARGET_APPLY    ]I:  Using encryption mode SSE_S3  (file_imp.c:154)
1759568464000,2025-10-04T09:01:04 [TASK_MANAGER    ]I:  creating client configuration for region us-gov-west-1  (s3_client.cpp:50)
1759568464000,2025-10-04T09:01:04 [TASK_MANAGER    ]I:  Setting AWS service endpoint to s3.us-gov-west-1.amazonaws.com  (s3_client.cpp:87)
1759568464000,2025-10-04T09:01:04 [TASK_MANAGER    ]I:  set request timeout ms to 10000  (s3_client.cpp:103)
1759568464000,2025-10-04T09:01:04 [TASK_MANAGER    ]I:  set max connections to 1  (s3_client.cpp:110)
1759568464000,2025-10-04T09:01:04 [TASK_MANAGER    ]I:  Creating STSCredentialProvider  (s3_client.cpp:183)
1759568464000,2025-10-04T09:01:04 [TASK_MANAGER    ]I:  creating client configuration for region us-gov-west-1  (s3_client.cpp:50)
1759568464000,2025-10-04T09:01:04 [TASK_MANAGER    ]I:  Setting AWS service endpoint to sts.us-gov-west-1.amazonaws.com  (s3_client.cpp:67)
1759568464000,2025-10-04T09:01:04 [TASK_MANAGER    ]I:  set request timeout ms to 10000  (s3_client.cpp:103)
1759568464000,2025-10-04T09:01:04 [TASK_MANAGER    ]I:  set max connections to 1  (s3_client.cpp:110)
1759568464000,2025-10-04T09:01:04 [TASK_MANAGER    ]I:  set idle timeout seconds to 200  (s3_client.cpp:124)
1759568464000,2025-10-04T09:01:04 [TASK_MANAGER    ]I:  Creating STS Client with ServicePrincipalCredentialsProviderChain  (STSCredentialsProvider.cpp:92)
1759568464000,2025-10-04T09:01:04 [TASK_MANAGER    ]I:  Creating S3 client  (s3_client.cpp:196)
1759568464000,2025-10-04T09:01:04 [TASK_MANAGER    ]I:  New s3 client created using credentials provider<15414c0ea590>  (s3_client.cpp:222)
1759568464000,2025-10-04T09:01:04 [TARGET_APPLY    ]I:  Working in transactional apply mode  (endpointshell.c:2092)
1759568464000,2025-10-04T09:01:04 [SOURCE_CAPTURE  ]I:  Endpoint is configured to use Secrets Manager service  (secrets_manager_utils.c:231)
1759568464000,2025-10-04T09:01:04 [SOURCE_CAPTURE  ]I:  Retrieving 'Oracle' endpoint's Secrets Manager configuration  (secrets_manager_utils.c:248)
1759568464000,2025-10-04T09:01:04 [SOURCE_CAPTURE  ]I:  The Secrets Manager secret Arn 'arn:aws-us-gov:secretsmanager:us-gov-west-1:331875467123:secret:entergy_shared_dms_ESOM_GGN-7hGjWV' is configured for the endpoint  (secrets_manager_utils.c:368)
1759568464000,2025-10-04T09:01:04 [SOURCE_CAPTURE  ]I:  Building Secrets Manager client...  (secrets_manager_utils.c:390)
1759568464000,2025-10-04T09:01:04 [TASK_MANAGER    ]I:  Creating STS Client with ServicePrincipalCredentialsProviderChain  (STSCredentialsProvider.cpp:92)
1759568464000,2025-10-04T09:01:04 [SOURCE_CAPTURE  ]I:  Looking for Secrets Manager secret attribute 'username'  (secrets_manager_utils.c:408)
1759568464000,2025-10-04T09:01:04 [SOURCE_CAPTURE  ]I:  Looking for Secrets Manager secret attribute 'password'  (secrets_manager_utils.c:408)
1759568464000,2025-10-04T09:01:04 [SOURCE_CAPTURE  ]I:  Looking for Secrets Manager secret attribute 'host'  (secrets_manager_utils.c:408)
1759568464000,2025-10-04T09:01:04 [SOURCE_CAPTURE  ]I:  Looking for Secrets Manager secret attribute 'port'  (secrets_manager_utils.c:408)
1759568464000,2025-10-04T09:01:04 [SOURCE_CAPTURE  ]I:  Retrieving AWS Secrets Manager secret Arn 'arn:aws-us-gov:secretsmanager:us-gov-west-1:331875467123:secret:entergy_shared_dms_ESOM_GGN-7hGjWV' content  (secrets_manager_utils.c:413)
1759568464000,2025-10-04T09:01:04 [TASK_MANAGER    ]I:  Successfully retrieved secret attribute 'username' value  (secrets_manager_client.cpp:277)
1759568464000,2025-10-04T09:01:04 [TASK_MANAGER    ]I:  Successfully retrieved secret attribute 'password' value  (secrets_manager_client.cpp:277)
1759568464000,2025-10-04T09:01:04 [TASK_MANAGER    ]I:  Successfully retrieved secret attribute 'host' value  (secrets_manager_client.cpp:277)
1759568464000,2025-10-04T09:01:04 [TASK_MANAGER    ]I:  Successfully retrieved secret attribute 'port' value  (secrets_manager_client.cpp:277)
1759568464000,2025-10-04T09:01:04 [SOURCE_CAPTURE  ]I:  Replacing 'HOST=' value with Secrets Manager secret value in the connection string  (secrets_manager_utils.c:486)
1759568464000,2025-10-04T09:01:04 [SOURCE_CAPTURE  ]I:  Replacing 'PORT=' value with Secrets Manager secret value in the connection string  (secrets_manager_utils.c:486)
1759568464000,2025-10-04T09:01:04 [SOURCE_CAPTURE  ]I:  Replication Setting/ECA 'openTransactionWindow' is disabled    (oracle_endpoint_imp.c:1589)
1759568464000,2025-10-04T09:01:04 [SOURCE_CAPTURE  ]I:  Connecting to Oracle: Beginning session  (oracle_endpoint_conn.c:1049)
1759568465000,2025-10-04T09:01:05 [SOURCE_CAPTURE  ]I:  Source endpoint 'Oracle' is using provider syntax 'Oracle'  (provider_syntax_manager.c:898)
1759568465000,2025-10-04T09:01:05 [SORTER          ]I:  Sorter inspect target state  (sorter.c:519)
1759568465000,2025-10-04T09:01:05 [SORTER          ]I:  Target state checkpoint source id: 0  (sorter.c:524)
1759568465000,"2025-10-04T09:01:05 [SORTER          ]I:  Start the task using saved state. Start source from stream position 000003D6BF7036FD010000010000347F000002A100C80000000003D6BF70351A and id 26199. Confirmed target id is 221, next target id is 225, last source timestamp 1759554792000000  (sorter.c:567)"
1759568465000,2025-10-04T09:01:05 [SORTER          ]I:  'Stop reading when memory limit reached' is set to true  (sorter.c:688)
1759568465000,2025-10-04T09:01:05 [STREAM_COMPONEN ]I:  Endpoint is configured to use Secrets Manager service  (secrets_manager_utils.c:231)
1759568465000,2025-10-04T09:01:05 [STREAM_COMPONEN ]I:  Retrieving 'Oracle' endpoint's Secrets Manager configuration  (secrets_manager_utils.c:248)
1759568465000,2025-10-04T09:01:05 [STREAM_COMPONEN ]I:  The Secrets Manager secret Arn 'arn:aws-us-gov:secretsmanager:us-gov-west-1:331875467123:secret:entergy_shared_dms_ESOM_GGN-7hGjWV' is configured for the endpoint  (secrets_manager_utils.c:368)
1759568465000,2025-10-04T09:01:05 [STREAM_COMPONEN ]I:  Building Secrets Manager client...  (secrets_manager_utils.c:390)
1759568465000,2025-10-04T09:01:05 [TASK_MANAGER    ]I:  Creating STS Client with ServicePrincipalCredentialsProviderChain  (STSCredentialsProvider.cpp:92)
1759568465000,2025-10-04T09:01:05 [STREAM_COMPONEN ]I:  Looking for Secrets Manager secret attribute 'username'  (secrets_manager_utils.c:408)
1759568465000,2025-10-04T09:01:05 [STREAM_COMPONEN ]I:  Looking for Secrets Manager secret attribute 'password'  (secrets_manager_utils.c:408)
1759568465000,2025-10-04T09:01:05 [STREAM_COMPONEN ]I:  Looking for Secrets Manager secret attribute 'host'  (secrets_manager_utils.c:408)
1759568465000,2025-10-04T09:01:05 [STREAM_COMPONEN ]I:  Looking for Secrets Manager secret attribute 'port'  (secrets_manager_utils.c:408)
1759568465000,2025-10-04T09:01:05 [STREAM_COMPONEN ]I:  Retrieving AWS Secrets Manager secret Arn 'arn:aws-us-gov:secretsmanager:us-gov-west-1:331875467123:secret:entergy_shared_dms_ESOM_GGN-7hGjWV' content  (secrets_manager_utils.c:413)
1759568465000,2025-10-04T09:01:05 [TASK_MANAGER    ]I:  Successfully retrieved secret attribute 'username' value  (secrets_manager_client.cpp:277)
1759568465000,2025-10-04T09:01:05 [TASK_MANAGER    ]I:  Successfully retrieved secret attribute 'password' value  (secrets_manager_client.cpp:277)
1759568465000,2025-10-04T09:01:05 [TASK_MANAGER    ]I:  Successfully retrieved secret attribute 'host' value  (secrets_manager_client.cpp:277)
1759568465000,2025-10-04T09:01:05 [TASK_MANAGER    ]I:  Successfully retrieved secret attribute 'port' value  (secrets_manager_client.cpp:277)
1759568465000,2025-10-04T09:01:05 [STREAM_COMPONEN ]I:  Replacing 'HOST=' value with Secrets Manager secret value in the connection string  (secrets_manager_utils.c:486)
1759568465000,2025-10-04T09:01:05 [STREAM_COMPONEN ]I:  Replacing 'PORT=' value with Secrets Manager secret value in the connection string  (secrets_manager_utils.c:486)
1759568465000,2025-10-04T09:01:05 [TASK_MANAGER    ]I:  Starting component st_0_transaction_sorter  (subtask.c:1449)
1759568466000,2025-10-04T09:01:06 [TASK_MANAGER    ]I:  Starting component st_0_QW3FIQSWWRCM3LXQEC65BGS7GQ  (subtask.c:1449)
1759568466000,2025-10-04T09:01:06 [TASK_MANAGER    ]I:  Starting component st_0_X7ZOOIFK6JHKBIGS7ULK6Q5JXE  (subtask.c:1449)
1759568466000,"2025-10-04T09:01:06 [TASK_MANAGER    ]I:  Task - CUB3WFDO4REO3KRAT3DHVHBCDM is in RUNNING state, updating starting status to AR_RUNNING  (repository.c:5491)"
1759568466000,2025-10-04T09:01:06 [TASK_MANAGER    ]I:  All stream components were initialized  (replicationtask.c:3661)
1759568466000,2025-10-04T09:01:06 [TASK_MANAGER    ]I:  Starting the validation process...  (replicationtask.c:3738)
1759568466000,2025-10-04T09:01:06 [SORTER          ]I:  Sorter starts handling CDC    (sorter_transaction.c:3090)
1759568466000,"2025-10-04T09:01:06 [SORTER          ]I:  Sorter last run state: confirmed_record_id = 221, confirmed_stream_position = ''  (sorter_transaction.c:3261)"
1759568466000,"2025-10-04T09:01:06 [SORTER          ]I:  No records received to load or apply on target , waiting for data from upstream  (streamcomponent.c:2018)"
1759568466000,2025-10-04T09:01:06 [SOURCE_CAPTURE  ]I:  Oracle capture start stream position '000003D6BF7036FD010000010000347F000002A100C80000000003D6BF70351A'  (oracle_endpoint_capture.c:1831)
1759568466000,"2025-10-04T09:01:06 [TARGET_APPLY    ]I:  No records received to load or apply on target , waiting for data from upstream  (streamcomponent.c:2018)"
1759568466000,2025-10-04T09:01:06 [SOURCE_CAPTURE  ]I:  Oracle capture start stream position '000003D6BF7036FD010000010000347F000002A100C80000000003D6BF70351A'  (oracle_endpoint_capture.c:1844)
1759568486000,2025-10-04T09:01:26 [SOURCE_CAPTURE  ]I:  Used difference between the SCT DMS Agent machine UTC time and Oracle Local time is '18000' seconds  (oracle_endpoint_capture.c:1479)
1759568486000,2025-10-04T09:01:26 [SOURCE_CAPTURE  ]I:  Used Oracle archived Redo log destination id is '1'  (oracdc_merger.c:648)
1759568487000,2025-10-04T09:01:27 [SOURCE_CAPTURE  ]I:  No opened transactions  (oracle_endpoint_capture.c:2166)
1759568487000,"2025-10-04T09:01:27 [SOURCE_CAPTURE  ]I:  Sent captured record 26199 to internal queue from Source  {operation:START_REGULAR (43), connectionId:2, streamPosition:000003D6BF7036FD010000010000347F000002A100C80000000003D6BF70351A}  (streamcomponent.c:3038)"
1759568487000,2025-10-04T09:01:27 [SORTER          ]I:  Correcting source database time by 0 microseconds  (sorter_transaction.c:230)
1759568487000,2025-10-04T09:01:27 [SORTER          ]I:  Transaction consistency reached  (sorter_transaction.c:357)
1759568487000,2025-10-04T09:01:27 [TASK_MANAGER    ]I:  Starting replication now  (replicationtask.c:3334)
1759568487000,2025-10-04T09:01:27 [TARGET_APPLY    ]I:  Applied record 0 to target  {operation:INTERNAL (54)}  (endpointshell.c:5395)
1759568487000,"2025-10-04T09:01:27 [TASK_MANAGER    ]I:  Task - CUB3WFDO4REO3KRAT3DHVHBCDM is in RUNNING state, updating starting status to AR_RUNNING  (repository.c:5491)"
1759568646000,"2025-10-04T09:04:06 [TARGET_APPLY    ]I:  No records received to load or apply on target , waiting for data from upstream. The last context is  {operation:INTERNAL (54)}  (streamcomponent.c:2016)"
1759568646000,"2025-10-04T09:04:06 [SORTER          ]I:  No records received to load or apply on target , waiting for data from upstream. The last context is  {operation:INTERNAL (54)}  (streamcomponent.c:2016)"
1759568683000,"2025-10-04T09:04:43:958141 [SOURCE_CAPTURE  ]D:  Oracle CDC retry counter exceeded, retry once more in debug mode  (oracdc_merger.c:1500)"
1759568683000,2025-10-04T09:04:43:959158 [SOURCE_CAPTURE  ]T:  Failed to fetch from thread '1'  (oracdc_merger.c:1507)
1759568683000,2025-10-04T09:04:43:959172 [SOURCE_CAPTURE  ]T:  Waiting 5 seconds before retry  (oracdc_merger.c:1276)
1759568688000,"2025-10-04T09:04:48:968940 [SOURCE_CAPTURE  ]T:  Reading next record in thread '1'  {operation:START_REGULAR (43), connectionId:2}  (oracdc_reader.c:2074)"
1759568688000,2025-10-04T09:04:48:969011 [SOURCE_CAPTURE  ]D:  Set position in LOG MINER  (oracdc_reader.c:1323)
1759568689000,"2025-10-04T09:04:49:847912 [SOURCE_CAPTURE  ]D:  Start LogMiner Session in thread '1' for: StartScn '000003D6BF7036FD', MaxScn '000003D6BF70EF06', LastTransactionScn '000003D6BF7036FD', ScnNotFoundError '0'  (oracdc_reader.c:860)"
1759568689000,"2025-10-04T09:04:49:847965 [SOURCE_CAPTURE  ]D:  Going to execute the statement 'select name, first_change#, sequence#, status from v$archived_log  where first_time IS NOT NULL and name IS NOT NULL  and resetlogs_change# = (select resetlogs_change# from v$database) and resetlogs_time = (select resetlogs_time from v$database)  and thread# = :thread and next_change# >= :startScn  and dest_id in (1)  UNION  SELECT lf.member, first_change#, sequence#, 'A' FROM v$logfile lf, V$LOG l  where l.group#=lf.group# and l.first_time IS NOT NULL and l.status = 'CURRENT' and thread# = :thread  order by first_change# DESC'  (oracdc_reader.c:492)"
1759568690000,2025-10-04T09:04:50:030965 [SOURCE_CAPTURE  ]D:  Get archived REDO log with sequence 13441 for the first SCN in thread 1  (oracdc_reader.c:306)
1759568690000,"2025-10-04T09:04:50:031008 [SOURCE_CAPTURE  ]D:  Going to execute the statement 'select name, first_change#, sequence#, status from v$archived_log  where first_time IS NOT NULL and name IS NOT NULL  and resetlogs_change# = (select resetlogs_change# from v$database) and resetlogs_time = (select resetlogs_time from v$database) and thread# = :thread and sequence# = :seq and dest_id in (1) '  (oracdc_reader.c:316)"
1759568690000,"2025-10-04T09:04:50:120021 [SOURCE_CAPTURE  ]D:  Cannot find archived redo log with sequence '13441', thread '1'. Please check redo log retention settings and retry.  (oracdc_reader.c:419)"
1759568690000,"2025-10-04T09:04:50:120048 [SOURCE_CAPTURE  ]D:  Failed to set position in thread '1'  {operation:START_REGULAR (43), connectionId:2}  (oracdc_reader.c:2090)"
1759568690000,2025-10-04T09:04:50:189374 [SOURCE_CAPTURE  ]T:  Going to execute the statement 'select status from v$thread where thread#= :thread' for thread '1'  (oracdc_merger.c:81)
1759568690000,2025-10-04T09:04:50:260563 [SOURCE_CAPTURE  ]D:  Oracle CDC stopped [1022301]  (oracdc_merger.c:1486)
1759568690000,2025-10-04T09:04:50:260612 [SOURCE_CAPTURE  ]D:  Endpoint is disconnected [1020414]  (endpointshell.c:4240)
1759568690000,"2025-10-04T09:04:50:260624 [SOURCE_CAPTURE  ]D:  Error executing source loop  {operation:START_REGULAR (43), connectionId:2} [1020414]  (streamcomponent.c:1972)"
1759568690000,2025-10-04T09:04:50:260638 [SOURCE_CAPTURE  ]D:  Stream component 'st_0_QW3FIQSWWRCM3LXQEC65BGS7GQ' terminated [1020414]  (subtask.c:1644)
1759568690000,"2025-10-04T09:04:50:260625 [TASK_MANAGER    ]I:  Task error notification received from subtask 0, thread 0, status 1022316  (replicationtask.c:3457)"
1759568690000,2025-10-04T09:04:50:260648 [SOURCE_CAPTURE  ]D:  Free component st_0_QW3FIQSWWRCM3LXQEC65BGS7GQ  (oracle_endpoint.c:51)
1759568690000,2025-10-04T09:04:50:260661 [SOURCE_CAPTURE  ]D:  Prepare to disconnect Oracle database  (oracle_endpoint_conn.c:1649)
1759568690000,2025-10-04T09:04:50:260671 [SOURCE_CAPTURE  ]I:  Disconnecting Oracle database  (oracle_endpoint_conn.c:1600)
1759568690000,"2025-10-04T09:04:50:260846 [TASK_MANAGER    ]I:  Task - CUB3WFDO4REO3KRAT3DHVHBCDM is in ERROR state, updating starting status to AR_NOT_APPLICABLE  (repository.c:5483)"
1759568690000,2025-10-04T09:04:50:260663 [TASK_MANAGER    ]E:  Oracle CDC stopped [1022316]  (replicationtask.c:3494)
1759568690000,2025-10-04T09:04:50:268986 [TASK_MANAGER    ]E:  Task 'CUB3WFDO4REO3KRAT3DHVHBCDM' encountered a fatal error  (repository.c:5585)
1759568690000,"2025-10-04T09:04:50:273240 [SORTER          ]I:  Final saved task state. Stream position 000003D6BF7036FD010000010000347F000002A100C80000000003D6BF70351A, Source id 26199, next Target id 225, confirmed Target id 221, last source timestamp 1759554792000000  (sorter.c:828)"
1759568690000,2025-10-04T09:04:50:274564 [SOURCE_CAPTURE  ]D:  Prepare to disconnect Oracle database  (oracle_endpoint_conn.c:1649)
1759568690000,2025-10-04T09:04:50:275694 [SOURCE_CAPTURE  ]I:  Disconnecting Oracle database  (oracle_endpoint_conn.c:1600)
1759568690000,2025-10-04T09:04:50:399540 [SOURCE_CAPTURE  ]I:  Disconnected Oracle database  (oracle_endpoint_conn.c:1635)
1759568690000,2025-10-04T09:04:50:399585 [SOURCE_CAPTURE  ]I:  Thread 'DST CHECK' is still running. Attempting to shut it down  (oracle_endpoint_imp.c:1967)
1759568690000,2025-10-04T09:04:50:399595 [SOURCE_CAPTURE  ]I:  Thread 'DST CHECK' was stopped. Continuing terminating  (oracle_endpoint_imp.c:1987)
1759568690000,2025-10-04T09:04:50:260563 [SOURCE_CAPTURE  ]E:  Oracle CDC stopped [1022301]  (oracdc_merger.c:1486)
1759568690000,2025-10-04T09:04:50:260612 [SOURCE_CAPTURE  ]E:  Endpoint is disconnected [1020414]  (endpointshell.c:4240)
1759568690000,"2025-10-04T09:04:50:260624 [SOURCE_CAPTURE  ]E:  Error executing source loop  {operation:START_REGULAR (43), connectionId:2} [1020414]  (streamcomponent.c:1972)"
1759568690000,"2025-10-04T09:04:50:260634 [TASK_MANAGER    ]E:  Stream component failed at subtask 0, component st_0_QW3FIQSWWRCM3LXQEC65BGS7GQ [1020414]  (subtask.c:1466)"
1759568690000,2025-10-04T09:04:50:260638 [SOURCE_CAPTURE  ]E:  Stream component 'st_0_QW3FIQSWWRCM3LXQEC65BGS7GQ' terminated [1020414]  (subtask.c:1644)
1759568690000,2025-10-04T09:04:50:415082 [SOURCE_CAPTURE  ]I:  Disconnected Oracle database  (oracle_endpoint_conn.c:1635)
1759568690000,2025-10-04T09:04:50:415114 [SOURCE_CAPTURE  ]D:  Free component Utility Source  (oracle_endpoint.c:51)
1759568690000,"2025-10-04T09:04:50:480607 [TASK_MANAGER    ]I:  Task - CUB3WFDO4REO3KRAT3DHVHBCDM is in ERROR state, updating starting status to AR_NOT_APPLICABLE  (repository.c:5483)"
1759568690000,"2025-10-04T09:04:50:484893 [TASK_MANAGER    ]E:  Task 'CUB3WFDO4REO3KRAT3DHVHBCDM' encountered a recoverable error, retry attempt # 9  (repository.c:5567)"
1759568690000,2025-10-04T09:04:50:494671 [TASK_MANAGER    ]I:  Subtask #0 ended  (replicationtask_util.c:595)
1759568698000,2025-10-04T09:04:58:037662 [TASK_MANAGER    ]I:  Task management thread terminated  (replicationtask.c:4637)
1759568700000,2025-10-04T09:05:00:195464 [METADATA_MANAGE ]I:  Disconnecting Oracle database  (oracle_endpoint_conn.c:1600)
1759568700000,2025-10-04T09:05:00:335393 [METADATA_MANAGE ]I:  Disconnected Oracle database  (oracle_endpoint_conn.c:1635)
1759568700000,2025-10-04T09:05:00:337146 [AT_GLOBAL       ]I:  Closing log file at Sat Oct 04 09:05:00 2025  (at_logger.c:2975)